1, private, far_end:amethyst_forest, MONSTER, minecraft:enderman, 33, 8, 8
2, nether, incendium:ash_barrens, MONSTER, minecraft:ghast, 20, 2, 2
3, nether, incendium:ash_barrens, MONSTER, minecraft:magma_cube, 80, 2, 7
4, nether, incendium:ash_barrens, MONSTER, minecraft:piglin, 80, 2, 2
5, nether, incendium:ash_barrens, MONSTER, minecraft:zombified_piglin, 5, 2, 8
6, nether, incendium:ash_barrens, CREATURE, minecraft:strider, 60, 2, 4
7, private, far_end:ashfall_delta, MONSTER, minecraft:wither_skeleton, 7, 2, 4
8, private, far_end:ashfall_delta, MONSTER, minecraft:skeleton, 11, 2, 2
9, badlands, minecraft:badlands, MONSTER, minecraft:spider, 80, 8, 8
10, badlands, minecraft:badlands, MONSTER, minecraft:zombie, 19, 8, 8
11, badlands, minecraft:badlands, MONSTER, minecraft:zombie_villager, 5, 2, 2
12, badlands, minecraft:badlands, MONSTER, minecraft:skeleton, 80, 8, 8
13, badlands, minecraft:badlands, MONSTER, minecraft:creeper, 80, 8, 8
14, badlands, minecraft:badlands, MONSTER, minecraft:slime, 80, 8, 8
15, badlands, minecraft:badlands, MONSTER, minecraft:enderman, 10, 2, 8
16, badlands, minecraft:badlands, MONSTER, minecraft:witch, 5, 2, 2
17, badlands, minecraft:badlands, MONSTER, minecraft:husk, 80, 8, 8
18, badlands, minecraft:badlands, MONSTER, hwg:merc, 5, 2, 4
19, badlands, minecraft:badlands, MONSTER, hwg:spy, 5, 2, 4
20, badlands, minecraft:badlands, AMBIENT, minecraft:bat, 10, 16, 16
21, badlands, minecraft:badlands, UNDERGROUND_WATER_CREATURE, minecraft:glow_squid, 10, 4, 6
22, jungle, minecraft:bamboo_jungle, MONSTER, minecraft:spider, 20, 8, 8
23, jungle, minecraft:bamboo_jungle, MONSTER, minecraft:zombie, 80, 8, 8
24, jungle, minecraft:bamboo_jungle, MONSTER, minecraft:zombie_villager, 5, 2, 2
25, jungle, minecraft:bamboo_jungle, MONSTER, minecraft:skeleton, 80, 8, 8
26, jungle, minecraft:bamboo_jungle, MONSTER, minecraft:creeper, 80, 8, 8
27, jungle, minecraft:bamboo_jungle, MONSTER, minecraft:slime, 80, 8, 8
28, jungle, minecraft:bamboo_jungle, MONSTER, minecraft:enderman, 10, 2, 8
29, jungle, minecraft:bamboo_jungle, MONSTER, minecraft:witch, 5, 2, 2
30, jungle, minecraft:bamboo_jungle, MONSTER, minecraft:ocelot, 5, 2, 2
31, jungle, minecraft:bamboo_jungle, MONSTER, minecraft:cave_spider, 80, 8, 8
32, jungle, minecraft:bamboo_jungle, MONSTER, hwg:merc, 5, 2, 4
33, jungle, minecraft:bamboo_jungle, MONSTER, hwg:spy, 5, 2, 4
34, jungle, minecraft:bamboo_jungle, CREATURE, minecraft:sheep, 12, 8, 8
35, jungle, minecraft:bamboo_jungle, CREATURE, minecraft:pig, 10, 8, 8
36, jungle, minecraft:bamboo_jungle, CREATURE, minecraft:chicken, 10, 8, 8
37, jungle, minecraft:bamboo_jungle, CREATURE, minecraft:cow, 8, 8, 8
38, jungle, minecraft:bamboo_jungle, CREATURE, minecraft:chicken, 10, 8, 8
39, jungle, minecraft:bamboo_jungle, CREATURE, minecraft:parrot, 40, 2, 4
40, jungle, minecraft:bamboo_jungle, CREATURE, minecraft:panda, 80, 2, 4
41, jungle, minecraft:bamboo_jungle, AMBIENT, minecraft:bat, 10, 16, 16
42, jungle, minecraft:bamboo_jungle, UNDERGROUND_WATER_CREATURE, minecraft:glow_squid, 10, 4, 6
43, nether, minecraft:basalt_deltas, MONSTER, minecraft:ghast, 40, 2, 2
44, nether, minecraft:basalt_deltas, MONSTER, minecraft:magma_cube, 80, 2, 5
45, nether, minecraft:basalt_deltas, MONSTER, minecraft:blaze, 5, 2, 2
46, nether, minecraft:basalt_deltas, MONSTER, hwg:technodemon_greater_1, 5, 2, 2
47, nether, minecraft:basalt_deltas, MONSTER, hwg:technodemon_lesser_1, 5, 2, 4
48, nether, minecraft:basalt_deltas, MONSTER, minecraft:zombified_piglin, 5, 2, 8
49, nether, minecraft:basalt_deltas, CREATURE, minecraft:strider, 60, 2, 4
50, beach, minecraft:beach, MONSTER, minecraft:spider, 80, 8, 8
51, beach, minecraft:beach, MONSTER, minecraft:zombie, 80, 8, 8
52, beach, minecraft:beach, MONSTER, minecraft:zombie_villager, 5, 2, 2
53, beach, minecraft:beach, MONSTER, minecraft:skeleton, 80, 8, 8
54, beach, minecraft:beach, MONSTER, minecraft:creeper, 80, 8, 8
55, beach, minecraft:beach, MONSTER, minecraft:slime, 80, 8, 8
56, beach, minecraft:beach, MONSTER, minecraft:enderman, 10, 2, 8
57, beach, minecraft:beach, MONSTER, minecraft:witch, 5, 2, 2
58, beach, minecraft:beach, CREATURE, minecraft:turtle, 5, 2, 5
59, beach, minecraft:beach, AMBIENT, minecraft:bat, 10, 16, 16
60, beach, minecraft:beach, UNDERGROUND_WATER_CREATURE, minecraft:glow_squid, 10, 4, 6
61, forest, minecraft:birch_forest, MONSTER, minecraft:spider, 80, 8, 8
62, forest, minecraft:birch_forest, MONSTER, minecraft:zombie, 80, 8, 8
63, forest, minecraft:birch_forest, MONSTER, minecraft:zombie_villager, 5, 2, 2
64, forest, minecraft:birch_forest, MONSTER, minecraft:skeleton, 80, 8, 8
65, forest, minecraft:birch_forest, MONSTER, minecraft:creeper, 80, 8, 8
66, forest, minecraft:birch_forest, MONSTER, minecraft:slime, 80, 8, 8
67, forest, minecraft:birch_forest, MONSTER, minecraft:enderman, 10, 2, 8
68, forest, minecraft:birch_forest, MONSTER, minecraft:witch, 5, 2, 2
69, forest, minecraft:birch_forest, MONSTER, hwg:merc, 5, 2, 4
70, forest, minecraft:birch_forest, MONSTER, hwg:spy, 5, 2, 4
71, forest, minecraft:birch_forest, CREATURE, minecraft:sheep, 12, 8, 8
72, forest, minecraft:birch_forest, CREATURE, minecraft:pig, 10, 8, 8
73, forest, minecraft:birch_forest, CREATURE, minecraft:chicken, 10, 8, 8
74, forest, minecraft:birch_forest, CREATURE, minecraft:cow, 8, 8, 8
75, forest, minecraft:birch_forest, AMBIENT, minecraft:bat, 10, 16, 16
76, forest, minecraft:birch_forest, UNDERGROUND_WATER_CREATURE, minecraft:glow_squid, 10, 4, 6
77, private, stellarity:blazing_dunes, MONSTER, minecraft:blaze, 30, 2, 4
78, private, stellarity:blazing_dunes, MONSTER, minecraft:skeleton, 16, 2, 2
79, extreme_hills, minecraft:cherry_grove, MONSTER, minecraft:spider, 80, 8, 8
80, extreme_hills, minecraft:cherry_grove, MONSTER, minecraft:zombie, 80, 8, 8
81, extreme_hills, minecraft:cherry_grove, MONSTER, minecraft:zombie_villager, 5, 2, 2
82, extreme_hills, minecraft:cherry_grove, MONSTER, minecraft:skeleton, 80, 8, 8
83, extreme_hills, minecraft:cherry_grove, MONSTER, minecraft:creeper, 80, 8, 8
84, extreme_hills, minecraft:cherry_grove, MONSTER, minecraft:slime, 80, 8, 8
85, extreme_hills, minecraft:cherry_grove, MONSTER, minecraft:enderman, 10, 2, 8
86, extreme_hills, minecraft:cherry_grove, MONSTER, minecraft:witch, 5, 2, 2
87, extreme_hills, minecraft:cherry_grove, CREATURE, minecraft:pig, 5, 2, 4
88, extreme_hills, minecraft:cherry_grove, CREATURE, minecraft:rabbit, 5, 2, 6
89, extreme_hills, minecraft:cherry_grove, CREATURE, minecraft:sheep, 5, 2, 4
90, extreme_hills, minecraft:cherry_grove, AMBIENT, minecraft:bat, 10, 16, 16
91, extreme_hills, minecraft:cherry_grove, UNDERGROUND_WATER_CREATURE, minecraft:glow_squid, 10, 4, 6
92, ocean, minecraft:cold_ocean, MONSTER, minecraft:spider, 80, 8, 8
93, ocean, minecraft:cold_ocean, MONSTER, minecraft:zombie, 80, 8, 8
94, ocean, minecraft:cold_ocean, MONSTER, minecraft:zombie_villager, 5, 2, 2
95, ocean, minecraft:cold_ocean, MONSTER, minecraft:skeleton, 80, 8, 8
96, ocean, minecraft:cold_ocean, MONSTER, minecraft:creeper, 80, 8, 8
97, ocean, minecraft:cold_ocean, MONSTER, minecraft:slime, 80, 8, 8
98, ocean, minecraft:cold_ocean, MONSTER, minecraft:enderman, 10, 2, 8
99, ocean, minecraft:cold_ocean, MONSTER, minecraft:witch, 5, 2, 2
100, ocean, minecraft:cold_ocean, MONSTER, minecraft:drowned, 5, 2, 2
101, ocean, minecraft:cold_ocean, AMBIENT, minecraft:bat, 10, 16, 16
102, ocean, minecraft:cold_ocean, AMBIENT, darkwaters:aberration, 10, 2, 2
103, ocean, minecraft:cold_ocean, AMBIENT, darkwaters:craeken, 5, 2, 2
104, ocean, minecraft:cold_ocean, AMBIENT, darkwaters:miraid, 5, 2, 2
105, ocean, minecraft:cold_ocean, AMBIENT, darkwaters:miraid_hallucination, 5, 2, 2
106, ocean, minecraft:cold_ocean, AMBIENT, darkwaters:mohast, 10, 2, 6
107, ocean, minecraft:cold_ocean, AMBIENT, darkwaters:sight_hunter, 5, 2, 2
108, ocean, minecraft:cold_ocean, UNDERGROUND_WATER_CREATURE, minecraft:glow_squid, 10, 4, 6
109, ocean, minecraft:cold_ocean, WATER_CREATURE, minecraft:squid, 5, 2, 8
110, ocean, minecraft:cold_ocean, WATER_AMBIENT, minecraft:cod, 15, 3, 6
111, ocean, minecraft:cold_ocean, WATER_AMBIENT, minecraft:salmon, 15, 1, 5
112, nether, minecraft:crimson_forest, MONSTER, minecraft:zombified_piglin, 5, 2, 4
113, nether, minecraft:crimson_forest, MONSTER, minecraft:hoglin, 9, 3, 4
114, nether, minecraft:crimson_forest, MONSTER, minecraft:piglin, 5, 3, 4
115, nether, minecraft:crimson_forest, MONSTER, hwg:technodemon_greater_1, 5, 2, 2
116, nether, minecraft:crimson_forest, MONSTER, hwg:technodemon_lesser_1, 5, 2, 4
117, nether, minecraft:crimson_forest, MONSTER, minecraft:ghast, 3, 8, 8
118, nether, minecraft:crimson_forest, CREATURE, minecraft:strider, 60, 2, 4
119, private, stellarity:crystal_crags, MONSTER, minecraft:enderman, 20, 8, 8
120, private, stellarity:crystal_crags, MONSTER, minecraft:skeleton, 5, 2, 3
121, private, stellarity:crystal_crags, MONSTER, minecraft:silverfish, 5, 2, 4
122, forest, minecraft:dark_forest, MONSTER, minecraft:spider, 80, 8, 8
123, forest, minecraft:dark_forest, MONSTER, minecraft:zombie, 80, 8, 8
124, forest, minecraft:dark_forest, MONSTER, minecraft:zombie_villager, 10, 2, 2
125, forest, minecraft:dark_forest, MONSTER, minecraft:skeleton, 80, 8, 8
126, forest, minecraft:dark_forest, MONSTER, minecraft:creeper, 80, 8, 8
127, forest, minecraft:dark_forest, MONSTER, minecraft:slime, 80, 8, 8
128, forest, minecraft:dark_forest, MONSTER, minecraft:enderman, 10, 2, 8
129, forest, minecraft:dark_forest, MONSTER, minecraft:witch, 10, 2, 2
130, forest, minecraft:dark_forest, MONSTER, hwg:merc, 5, 2, 4
131, forest, minecraft:dark_forest, MONSTER, hwg:spy, 5, 2, 4
132, forest, minecraft:dark_forest, CREATURE, minecraft:sheep, 12, 8, 8
133, forest, minecraft:dark_forest, CREATURE, minecraft:pig, 10, 8, 8
134, forest, minecraft:dark_forest, CREATURE, minecraft:chicken, 10, 8, 8
135, forest, minecraft:dark_forest, CREATURE, minecraft:cow, 8, 8, 8
136, forest, minecraft:dark_forest, AMBIENT, minecraft:bat, 10, 16, 16
137, forest, minecraft:dark_forest, UNDERGROUND_WATER_CREATURE, minecraft:glow_squid, 10, 4, 6
138, ocean, minecraft:deep_cold_ocean, MONSTER, minecraft:spider, 80, 8, 8
139, ocean, minecraft:deep_cold_ocean, MONSTER, minecraft:zombie, 80, 8, 8
140, ocean, minecraft:deep_cold_ocean, MONSTER, minecraft:zombie_villager, 5, 2, 2
141, ocean, minecraft:deep_cold_ocean, MONSTER, minecraft:skeleton, 80, 8, 8
142, ocean, minecraft:deep_cold_ocean, MONSTER, minecraft:creeper, 80, 8, 8
143, ocean, minecraft:deep_cold_ocean, MONSTER, minecraft:slime, 80, 8, 8
144, ocean, minecraft:deep_cold_ocean, MONSTER, minecraft:enderman, 10, 2, 8
145, ocean, minecraft:deep_cold_ocean, MONSTER, minecraft:witch, 5, 2, 2
146, ocean, minecraft:deep_cold_ocean, MONSTER, minecraft:drowned, 5, 2, 2
147, ocean, minecraft:deep_cold_ocean, AMBIENT, minecraft:bat, 10, 16, 16
148, ocean, minecraft:deep_cold_ocean, AMBIENT, darkwaters:aberration, 10, 2, 2
149, ocean, minecraft:deep_cold_ocean, AMBIENT, darkwaters:craeken, 5, 2, 2
150, ocean, minecraft:deep_cold_ocean, AMBIENT, darkwaters:miraid, 5, 2, 2
151, ocean, minecraft:deep_cold_ocean, AMBIENT, darkwaters:miraid_hallucination, 5, 2, 2
152, ocean, minecraft:deep_cold_ocean, AMBIENT, darkwaters:mohast, 10, 2, 6
153, ocean, minecraft:deep_cold_ocean, AMBIENT, darkwaters:sight_hunter, 5, 2, 2
154, ocean, minecraft:deep_cold_ocean, UNDERGROUND_WATER_CREATURE, minecraft:glow_squid, 10, 4, 6
155, ocean, minecraft:deep_cold_ocean, WATER_CREATURE, minecraft:squid, 5, 2, 8
156, ocean, minecraft:deep_cold_ocean, WATER_AMBIENT, minecraft:cod, 15, 3, 6
157, ocean, minecraft:deep_cold_ocean, WATER_AMBIENT, minecraft:salmon, 15, 1, 5
158, ocean, minecraft:deep_frozen_ocean, MONSTER, minecraft:spider, 80, 8, 8
159, ocean, minecraft:deep_frozen_ocean, MONSTER, minecraft:zombie, 80, 8, 8
160, ocean, minecraft:deep_frozen_ocean, MONSTER, minecraft:zombie_villager, 5, 2, 2
161, ocean, minecraft:deep_frozen_ocean, MONSTER, minecraft:skeleton, 20, 8, 8
162, ocean, minecraft:deep_frozen_ocean, MONSTER, minecraft:creeper, 80, 8, 8
163, ocean, minecraft:deep_frozen_ocean, MONSTER, minecraft:slime, 80, 8, 8
164, ocean, minecraft:deep_frozen_ocean, MONSTER, minecraft:enderman, 10, 2, 8
165, ocean, minecraft:deep_frozen_ocean, MONSTER, minecraft:witch, 5, 2, 2
166, ocean, minecraft:deep_frozen_ocean, MONSTER, minecraft:drowned, 5, 2, 2
167, ocean, minecraft:deep_frozen_ocean, MONSTER, minecraft:stray, 80, 8, 8
168, ocean, minecraft:deep_frozen_ocean, CREATURE, minecraft:polar_bear, 5, 2, 4
169, ocean, minecraft:deep_frozen_ocean, AMBIENT, minecraft:bat, 10, 16, 16
170, ocean, minecraft:deep_frozen_ocean, AMBIENT, darkwaters:aberration, 10, 2, 2
171, ocean, minecraft:deep_frozen_ocean, AMBIENT, darkwaters:craeken, 5, 2, 2
172, ocean, minecraft:deep_frozen_ocean, AMBIENT, darkwaters:miraid, 5, 2, 2
173, ocean, minecraft:deep_frozen_ocean, AMBIENT, darkwaters:miraid_hallucination, 5, 2, 2
174, ocean, minecraft:deep_frozen_ocean, AMBIENT, darkwaters:mohast, 10, 2, 6
175, ocean, minecraft:deep_frozen_ocean, AMBIENT, darkwaters:sight_hunter, 5, 2, 2
176, ocean, minecraft:deep_frozen_ocean, UNDERGROUND_WATER_CREATURE, minecraft:glow_squid, 10, 4, 6
177, ocean, minecraft:deep_frozen_ocean, WATER_CREATURE, minecraft:squid, 5, 2, 8
178, ocean, minecraft:deep_frozen_ocean, WATER_AMBIENT, minecraft:salmon, 15, 1, 5
179, ocean, minecraft:deep_lukewarm_ocean, MONSTER, minecraft:spider, 80, 8, 8
180, ocean, minecraft:deep_lukewarm_ocean, MONSTER, minecraft:zombie, 80, 8, 8
181, ocean, minecraft:deep_lukewarm_ocean, MONSTER, minecraft:zombie_villager, 5, 2, 2
182, ocean, minecraft:deep_lukewarm_ocean, MONSTER, minecraft:skeleton, 80, 8, 8
183, ocean, minecraft:deep_lukewarm_ocean, MONSTER, minecraft:creeper, 80, 8, 8
184, ocean, minecraft:deep_lukewarm_ocean, MONSTER, minecraft:slime, 80, 8, 8
185, ocean, minecraft:deep_lukewarm_ocean, MONSTER, minecraft:enderman, 10, 2, 8
186, ocean, minecraft:deep_lukewarm_ocean, MONSTER, minecraft:witch, 5, 2, 2
187, ocean, minecraft:deep_lukewarm_ocean, MONSTER, minecraft:drowned, 5, 2, 2
188, ocean, minecraft:deep_lukewarm_ocean, AMBIENT, minecraft:bat, 10, 16, 16
189, ocean, minecraft:deep_lukewarm_ocean, AMBIENT, darkwaters:aberration, 10, 2, 2
190, ocean, minecraft:deep_lukewarm_ocean, AMBIENT, darkwaters:craeken, 5, 2, 2
191, ocean, minecraft:deep_lukewarm_ocean, AMBIENT, darkwaters:miraid, 5, 2, 2
192, ocean, minecraft:deep_lukewarm_ocean, AMBIENT, darkwaters:miraid_hallucination, 5, 2, 2
193, ocean, minecraft:deep_lukewarm_ocean, AMBIENT, darkwaters:mohast, 10, 2, 6
194, ocean, minecraft:deep_lukewarm_ocean, AMBIENT, darkwaters:sight_hunter, 5, 2, 2
195, ocean, minecraft:deep_lukewarm_ocean, UNDERGROUND_WATER_CREATURE, minecraft:glow_squid, 10, 4, 6
196, ocean, minecraft:deep_lukewarm_ocean, WATER_CREATURE, minecraft:squid, 8, 2, 8
197, ocean, minecraft:deep_lukewarm_ocean, WATER_CREATURE, minecraft:dolphin, 5, 2, 4
198, ocean, minecraft:deep_lukewarm_ocean, WATER_AMBIENT, minecraft:cod, 8, 3, 6
199, ocean, minecraft:deep_lukewarm_ocean, WATER_AMBIENT, minecraft:pufferfish, 5, 2, 6
200, ocean, minecraft:deep_lukewarm_ocean, WATER_AMBIENT, minecraft:tropical_fish, 25, 16, 16
201, ocean, minecraft:deep_ocean, MONSTER, minecraft:spider, 80, 8, 8
202, ocean, minecraft:deep_ocean, MONSTER, minecraft:zombie, 80, 8, 8
203, ocean, minecraft:deep_ocean, MONSTER, minecraft:zombie_villager, 5, 2, 2
204, ocean, minecraft:deep_ocean, MONSTER, minecraft:skeleton, 80, 8, 8
205, ocean, minecraft:deep_ocean, MONSTER, minecraft:creeper, 80, 8, 8
206, ocean, minecraft:deep_ocean, MONSTER, minecraft:slime, 80, 8, 8
207, ocean, minecraft:deep_ocean, MONSTER, minecraft:enderman, 10, 2, 8
208, ocean, minecraft:deep_ocean, MONSTER, minecraft:witch, 5, 2, 2
209, ocean, minecraft:deep_ocean, MONSTER, minecraft:drowned, 5, 2, 2
210, ocean, minecraft:deep_ocean, AMBIENT, minecraft:bat, 10, 16, 16
211, ocean, minecraft:deep_ocean, AMBIENT, darkwaters:aberration, 10, 2, 2
212, ocean, minecraft:deep_ocean, AMBIENT, darkwaters:craeken, 5, 2, 2
213, ocean, minecraft:deep_ocean, AMBIENT, darkwaters:miraid, 5, 2, 2
214, ocean, minecraft:deep_ocean, AMBIENT, darkwaters:miraid_hallucination, 5, 2, 2
215, ocean, minecraft:deep_ocean, AMBIENT, darkwaters:mohast, 10, 2, 6
216, ocean, minecraft:deep_ocean, AMBIENT, darkwaters:sight_hunter, 5, 2, 2
217, ocean, minecraft:deep_ocean, UNDERGROUND_WATER_CREATURE, minecraft:glow_squid, 10, 4, 6
218, ocean, minecraft:deep_ocean, WATER_CREATURE, minecraft:squid, 5, 2, 8
219, ocean, minecraft:deep_ocean, WATER_CREATURE, minecraft:dolphin, 5, 2, 4
220, ocean, minecraft:deep_ocean, WATER_AMBIENT, minecraft:cod, 10, 3, 6
221, desert, minecraft:desert, MONSTER, minecraft:spider, 80, 8, 8
222, desert, minecraft:desert, MONSTER, minecraft:zombie, 19, 8, 8
223, desert, minecraft:desert, MONSTER, minecraft:zombie_villager, 5, 2, 2
224, desert, minecraft:desert, MONSTER, minecraft:skeleton, 80, 8, 8
225, desert, minecraft:desert, MONSTER, minecraft:creeper, 80, 8, 8
226, desert, minecraft:desert, MONSTER, minecraft:slime, 80, 8, 8
227, desert, minecraft:desert, MONSTER, minecraft:enderman, 10, 2, 8
228, desert, minecraft:desert, MONSTER, minecraft:witch, 5, 2, 2
229, desert, minecraft:desert, MONSTER, minecraft:husk, 80, 8, 8
230, desert, minecraft:desert, MONSTER, hwg:merc, 5, 2, 4
231, desert, minecraft:desert, MONSTER, hwg:spy, 5, 2, 4
232, desert, minecraft:desert, CREATURE, minecraft:rabbit, 5, 2, 3
233, desert, minecraft:desert, AMBIENT, minecraft:bat, 10, 16, 16
234, desert, minecraft:desert, UNDERGROUND_WATER_CREATURE, minecraft:glow_squid, 10, 4, 6
235, private, stellarity:dragons_den, MONSTER, minecraft:enderman, 10, 8, 8
236, private, minecraft:dripstone_caves, MONSTER, minecraft:spider, 80, 8, 8
237, private, minecraft:dripstone_caves, MONSTER, minecraft:zombie, 80, 8, 8
238, private, minecraft:dripstone_caves, MONSTER, minecraft:zombie_villager, 5, 2, 2
239, private, minecraft:dripstone_caves, MONSTER, minecraft:skeleton, 80, 8, 8
240, private, minecraft:dripstone_caves, MONSTER, minecraft:creeper, 80, 8, 8
241, private, minecraft:dripstone_caves, MONSTER, minecraft:slime, 80, 8, 8
242, private, minecraft:dripstone_caves, MONSTER, minecraft:enderman, 10, 2, 8
243, private, minecraft:dripstone_caves, MONSTER, minecraft:witch, 5, 2, 2
244, private, minecraft:dripstone_caves, MONSTER, minecraft:drowned, 80, 8, 8
245, private, minecraft:dripstone_caves, AMBIENT, minecraft:bat, 10, 16, 16
246, private, minecraft:dripstone_caves, UNDERGROUND_WATER_CREATURE, minecraft:glow_squid, 10, 4, 6
247, private, minecraft:end_barrens, MONSTER, minecraft:enderman, 10, 8, 8
248, private, minecraft:end_highlands, MONSTER, minecraft:enderman, 10, 8, 8
249, private, minecraft:end_midlands, MONSTER, minecraft:enderman, 10, 8, 8
250, private, far_end:end_wilds, MONSTER, minecraft:enderman, 10, 8, 8
251, private, far_end:end_wilds, MONSTER, minecraft:skeleton, 10, 3, 3
252, private, far_end:ender_waste, MONSTER, minecraft:enderman, 20, 8, 8
253, private, far_end:ender_waste, MONSTER, minecraft:skeleton, 7, 2, 3
254, badlands, minecraft:eroded_badlands, MONSTER, minecraft:spider, 80, 8, 8
255, badlands, minecraft:eroded_badlands, MONSTER, minecraft:zombie, 19, 8, 8
256, badlands, minecraft:eroded_badlands, MONSTER, minecraft:zombie_villager, 5, 2, 2
257, badlands, minecraft:eroded_badlands, MONSTER, minecraft:skeleton, 80, 8, 8
258, badlands, minecraft:eroded_badlands, MONSTER, minecraft:creeper, 80, 8, 8
259, badlands, minecraft:eroded_badlands, MONSTER, minecraft:slime, 80, 8, 8
260, badlands, minecraft:eroded_badlands, MONSTER, minecraft:enderman, 10, 2, 8
261, badlands, minecraft:eroded_badlands, MONSTER, minecraft:witch, 5, 2, 2
262, badlands, minecraft:eroded_badlands, MONSTER, minecraft:husk, 80, 8, 8
263, badlands, minecraft:eroded_badlands, MONSTER, hwg:merc, 5, 2, 4
264, badlands, minecraft:eroded_badlands, MONSTER, hwg:spy, 5, 2, 4
265, badlands, minecraft:eroded_badlands, AMBIENT, minecraft:bat, 10, 16, 16
266, badlands, minecraft:eroded_badlands, UNDERGROUND_WATER_CREATURE, minecraft:glow_squid, 10, 4, 6
267, private, far_end:flesh_tundra, MONSTER, minecraft:cave_spider, 20, 2, 3
268, private, far_end:flesh_tundra, MONSTER, minecraft:zombified_piglin, 42, 8, 8
269, forest, minecraft:flower_forest, MONSTER, minecraft:spider, 80, 8, 8
270, forest, minecraft:flower_forest, MONSTER, minecraft:zombie, 80, 8, 8
271, forest, minecraft:flower_forest, MONSTER, minecraft:zombie_villager, 5, 2, 2
272, forest, minecraft:flower_forest, MONSTER, minecraft:skeleton, 80, 8, 8
273, forest, minecraft:flower_forest, MONSTER, minecraft:creeper, 80, 8, 8
274, forest, minecraft:flower_forest, MONSTER, minecraft:slime, 80, 8, 8
275, forest, minecraft:flower_forest, MONSTER, minecraft:enderman, 10, 2, 8
276, forest, minecraft:flower_forest, MONSTER, minecraft:witch, 5, 2, 2
277, forest, minecraft:flower_forest, MONSTER, hwg:merc, 5, 2, 4
278, forest, minecraft:flower_forest, MONSTER, hwg:spy, 5, 2, 4
279, forest, minecraft:flower_forest, CREATURE, minecraft:sheep, 12, 8, 8
280, forest, minecraft:flower_forest, CREATURE, minecraft:pig, 10, 8, 8
281, forest, minecraft:flower_forest, CREATURE, minecraft:chicken, 10, 8, 8
282, forest, minecraft:flower_forest, CREATURE, minecraft:cow, 8, 8, 8
283, forest, minecraft:flower_forest, CREATURE, minecraft:rabbit, 5, 2, 3
284, forest, minecraft:flower_forest, AMBIENT, minecraft:bat, 10, 16, 16
285, forest, minecraft:flower_forest, UNDERGROUND_WATER_CREATURE, minecraft:glow_squid, 10, 4, 6
286, forest, minecraft:forest, MONSTER, minecraft:spider, 80, 8, 8
287, forest, minecraft:forest, MONSTER, minecraft:zombie, 80, 8, 8
288, forest, minecraft:forest, MONSTER, minecraft:zombie_villager, 5, 2, 2
289, forest, minecraft:forest, MONSTER, minecraft:skeleton, 80, 8, 8
290, forest, minecraft:forest, MONSTER, minecraft:creeper, 80, 8, 8
291, forest, minecraft:forest, MONSTER, minecraft:slime, 80, 8, 8
292, forest, minecraft:forest, MONSTER, minecraft:enderman, 10, 2, 8
293, forest, minecraft:forest, MONSTER, minecraft:witch, 5, 2, 2
294, forest, minecraft:forest, MONSTER, hwg:merc, 5, 2, 4
295, forest, minecraft:forest, MONSTER, hwg:spy, 5, 2, 4
296, forest, minecraft:forest, CREATURE, minecraft:sheep, 12, 8, 8
297, forest, minecraft:forest, CREATURE, minecraft:pig, 10, 8, 8
298, forest, minecraft:forest, CREATURE, minecraft:chicken, 10, 8, 8
299, forest, minecraft:forest, CREATURE, minecraft:cow, 8, 8, 8
300, forest, minecraft:forest, CREATURE, minecraft:wolf, 5, 8, 8
301, forest, minecraft:forest, AMBIENT, minecraft:bat, 10, 16, 16
302, forest, minecraft:forest, UNDERGROUND_WATER_CREATURE, minecraft:glow_squid, 10, 4, 6
303, private, stellarity:frosted_hills, MONSTER, minecraft:enderman, 10, 8, 8
304, private, stellarity:frosted_hills, MONSTER, minecraft:skeleton, 20, 3, 4
305, ocean, minecraft:frozen_ocean, MONSTER, minecraft:spider, 80, 8, 8
306, ocean, minecraft:frozen_ocean, MONSTER, minecraft:zombie, 80, 8, 8
307, ocean, minecraft:frozen_ocean, MONSTER, minecraft:zombie_villager, 5, 2, 2
308, ocean, minecraft:frozen_ocean, MONSTER, minecraft:skeleton, 20, 8, 8
309, ocean, minecraft:frozen_ocean, MONSTER, minecraft:creeper, 80, 8, 8
310, ocean, minecraft:frozen_ocean, MONSTER, minecraft:slime, 80, 8, 8
311, ocean, minecraft:frozen_ocean, MONSTER, minecraft:enderman, 10, 2, 8
312, ocean, minecraft:frozen_ocean, MONSTER, minecraft:witch, 5, 2, 2
313, ocean, minecraft:frozen_ocean, MONSTER, minecraft:drowned, 5, 2, 2
314, ocean, minecraft:frozen_ocean, MONSTER, minecraft:stray, 80, 8, 8
315, ocean, minecraft:frozen_ocean, CREATURE, minecraft:polar_bear, 5, 2, 4
316, ocean, minecraft:frozen_ocean, AMBIENT, minecraft:bat, 10, 16, 16
317, ocean, minecraft:frozen_ocean, AMBIENT, darkwaters:aberration, 10, 2, 2
318, ocean, minecraft:frozen_ocean, AMBIENT, darkwaters:craeken, 5, 2, 2
319, ocean, minecraft:frozen_ocean, AMBIENT, darkwaters:miraid, 5, 2, 2
320, ocean, minecraft:frozen_ocean, AMBIENT, darkwaters:miraid_hallucination, 5, 2, 2
321, ocean, minecraft:frozen_ocean, AMBIENT, darkwaters:mohast, 10, 2, 6
322, ocean, minecraft:frozen_ocean, AMBIENT, darkwaters:sight_hunter, 5, 2, 2
323, ocean, minecraft:frozen_ocean, UNDERGROUND_WATER_CREATURE, minecraft:glow_squid, 10, 4, 6
324, ocean, minecraft:frozen_ocean, WATER_CREATURE, minecraft:squid, 5, 2, 8
325, ocean, minecraft:frozen_ocean, WATER_AMBIENT, minecraft:salmon, 15, 1, 5
326, extreme_hills, minecraft:frozen_peaks, MONSTER, minecraft:spider, 80, 8, 8
327, extreme_hills, minecraft:frozen_peaks, MONSTER, minecraft:zombie, 80, 8, 8
328, extreme_hills, minecraft:frozen_peaks, MONSTER, minecraft:zombie_villager, 5, 2, 2
329, extreme_hills, minecraft:frozen_peaks, MONSTER, minecraft:skeleton, 20, 8, 8
330, extreme_hills, minecraft:frozen_peaks, MONSTER, minecraft:creeper, 80, 8, 8
331, extreme_hills, minecraft:frozen_peaks, MONSTER, minecraft:slime, 80, 8, 8
332, extreme_hills, minecraft:frozen_peaks, MONSTER, minecraft:enderman, 10, 2, 8
333, extreme_hills, minecraft:frozen_peaks, MONSTER, minecraft:witch, 5, 2, 2
334, extreme_hills, minecraft:frozen_peaks, MONSTER, minecraft:stray, 80, 8, 8
335, extreme_hills, minecraft:frozen_peaks, CREATURE, minecraft:goat, 5, 2, 6
336, extreme_hills, minecraft:frozen_peaks, AMBIENT, minecraft:bat, 10, 16, 16
337, extreme_hills, minecraft:frozen_peaks, UNDERGROUND_WATER_CREATURE, minecraft:glow_squid, 10, 4, 6
338, river, minecraft:frozen_river, MONSTER, minecraft:spider, 80, 8, 8
339, river, minecraft:frozen_river, MONSTER, minecraft:zombie, 80, 8, 8
340, river, minecraft:frozen_river, MONSTER, minecraft:zombie_villager, 5, 2, 2
341, river, minecraft:frozen_river, MONSTER, minecraft:skeleton, 20, 8, 8
342, river, minecraft:frozen_river, MONSTER, minecraft:creeper, 80, 8, 8
343, river, minecraft:frozen_river, MONSTER, minecraft:slime, 80, 8, 8
344, river, minecraft:frozen_river, MONSTER, minecraft:enderman, 10, 2, 8
345, river, minecraft:frozen_river, MONSTER, minecraft:witch, 5, 2, 2
346, river, minecraft:frozen_river, MONSTER, minecraft:drowned, 5, 2, 2
347, river, minecraft:frozen_river, MONSTER, minecraft:stray, 80, 8, 8
348, river, minecraft:frozen_river, AMBIENT, minecraft:bat, 10, 16, 16
349, river, minecraft:frozen_river, UNDERGROUND_WATER_CREATURE, minecraft:glow_squid, 10, 4, 6
350, river, minecraft:frozen_river, WATER_CREATURE, minecraft:squid, 5, 2, 8
351, river, minecraft:frozen_river, WATER_AMBIENT, minecraft:salmon, 5, 1, 5
352, forest, minecraft:grove, MONSTER, minecraft:spider, 80, 8, 8
353, forest, minecraft:grove, MONSTER, minecraft:zombie, 80, 8, 8
354, forest, minecraft:grove, MONSTER, minecraft:zombie_villager, 5, 2, 2
355, forest, minecraft:grove, MONSTER, minecraft:skeleton, 20, 8, 8
356, forest, minecraft:grove, MONSTER, minecraft:creeper, 80, 8, 8
357, forest, minecraft:grove, MONSTER, minecraft:slime, 80, 8, 8
358, forest, minecraft:grove, MONSTER, minecraft:enderman, 10, 2, 8
359, forest, minecraft:grove, MONSTER, minecraft:witch, 5, 2, 2
360, forest, minecraft:grove, MONSTER, minecraft:stray, 80, 8, 8
361, forest, minecraft:grove, MONSTER, hwg:merc, 5, 2, 4
362, forest, minecraft:grove, MONSTER, hwg:spy, 5, 2, 4
363, forest, minecraft:grove, CREATURE, minecraft:sheep, 12, 8, 8
364, forest, minecraft:grove, CREATURE, minecraft:pig, 10, 8, 8
365, forest, minecraft:grove, CREATURE, minecraft:chicken, 10, 8, 8
366, forest, minecraft:grove, CREATURE, minecraft:cow, 8, 8, 8
367, forest, minecraft:grove, CREATURE, minecraft:wolf, 8, 8, 8
368, forest, minecraft:grove, CREATURE, minecraft:rabbit, 5, 2, 3
369, forest, minecraft:grove, CREATURE, minecraft:fox, 8, 2, 4
370, forest, minecraft:grove, AMBIENT, minecraft:bat, 10, 16, 16
371, forest, minecraft:grove, UNDERGROUND_WATER_CREATURE, minecraft:glow_squid, 10, 4, 6
372, private, minecraft:ice_spikes, MONSTER, minecraft:spider, 80, 8, 8
373, private, minecraft:ice_spikes, MONSTER, minecraft:zombie, 80, 8, 8
374, private, minecraft:ice_spikes, MONSTER, minecraft:zombie_villager, 5, 2, 2
375, private, minecraft:ice_spikes, MONSTER, minecraft:skeleton, 20, 8, 8
376, private, minecraft:ice_spikes, MONSTER, minecraft:creeper, 80, 8, 8
377, private, minecraft:ice_spikes, MONSTER, minecraft:slime, 80, 8, 8
378, private, minecraft:ice_spikes, MONSTER, minecraft:enderman, 10, 2, 8
379, private, minecraft:ice_spikes, MONSTER, minecraft:witch, 5, 2, 2
380, private, minecraft:ice_spikes, MONSTER, minecraft:stray, 80, 8, 8
381, private, minecraft:ice_spikes, CREATURE, minecraft:rabbit, 10, 2, 3
382, private, minecraft:ice_spikes, CREATURE, minecraft:polar_bear, 5, 2, 4
383, private, minecraft:ice_spikes, AMBIENT, minecraft:bat, 10, 16, 16
384, private, minecraft:ice_spikes, UNDERGROUND_WATER_CREATURE, minecraft:glow_squid, 10, 4, 6
385, nether, incendium:infernal_dunes, MONSTER, minecraft:blaze, 20, 2, 5
386, nether, incendium:infernal_dunes, MONSTER, minecraft:magma_cube, 5, 2, 6
387, nether, incendium:infernal_dunes, MONSTER, minecraft:zombified_piglin, 5, 2, 8
388, nether, incendium:infernal_dunes, MONSTER, minecraft:ghast, 3, 8, 8
389, nether, incendium:infernal_dunes, CREATURE, minecraft:strider, 60, 2, 4
390, nether, incendium:inverted_forest, MONSTER, minecraft:enderman, 5, 8, 8
391, nether, incendium:inverted_forest, MONSTER, minecraft:zombified_piglin, 5, 2, 8
392, nether, incendium:inverted_forest, MONSTER, minecraft:ghast, 3, 8, 8
393, nether, incendium:inverted_forest, CREATURE, minecraft:strider, 60, 2, 4
394, extreme_hills, minecraft:jagged_peaks, MONSTER, minecraft:spider, 80, 8, 8
395, extreme_hills, minecraft:jagged_peaks, MONSTER, minecraft:zombie, 80, 8, 8
396, extreme_hills, minecraft:jagged_peaks, MONSTER, minecraft:zombie_villager, 5, 2, 2
397, extreme_hills, minecraft:jagged_peaks, MONSTER, minecraft:skeleton, 80, 8, 8
398, extreme_hills, minecraft:jagged_peaks, MONSTER, minecraft:creeper, 80, 8, 8
399, extreme_hills, minecraft:jagged_peaks, MONSTER, minecraft:slime, 80, 8, 8
400, extreme_hills, minecraft:jagged_peaks, MONSTER, minecraft:enderman, 10, 2, 8
401, extreme_hills, minecraft:jagged_peaks, MONSTER, minecraft:witch, 5, 2, 2
402, extreme_hills, minecraft:jagged_peaks, CREATURE, minecraft:goat, 5, 2, 6
403, extreme_hills, minecraft:jagged_peaks, AMBIENT, minecraft:bat, 10, 16, 16
404, extreme_hills, minecraft:jagged_peaks, UNDERGROUND_WATER_CREATURE, minecraft:glow_squid, 10, 4, 6
405, jungle, minecraft:jungle, MONSTER, minecraft:spider, 20, 8, 8
406, jungle, minecraft:jungle, MONSTER, minecraft:zombie, 80, 8, 8
407, jungle, minecraft:jungle, MONSTER, minecraft:zombie_villager, 5, 2, 2
408, jungle, minecraft:jungle, MONSTER, minecraft:skeleton, 80, 8, 8
409, jungle, minecraft:jungle, MONSTER, minecraft:creeper, 80, 8, 8
410, jungle, minecraft:jungle, MONSTER, minecraft:slime, 80, 8, 8
411, jungle, minecraft:jungle, MONSTER, minecraft:enderman, 10, 2, 8
412, jungle, minecraft:jungle, MONSTER, minecraft:witch, 5, 2, 2
413, jungle, minecraft:jungle, MONSTER, minecraft:cave_spider, 80, 8, 8
414, jungle, minecraft:jungle, MONSTER, hwg:merc, 5, 2, 4
415, jungle, minecraft:jungle, MONSTER, hwg:spy, 5, 2, 4
416, jungle, minecraft:jungle, CREATURE, minecraft:sheep, 12, 8, 8
417, jungle, minecraft:jungle, CREATURE, minecraft:pig, 10, 8, 8
418, jungle, minecraft:jungle, CREATURE, minecraft:chicken, 10, 8, 8
419, jungle, minecraft:jungle, CREATURE, minecraft:cow, 8, 8, 8
420, jungle, minecraft:jungle, CREATURE, minecraft:chicken, 10, 8, 8
421, jungle, minecraft:jungle, CREATURE, minecraft:parrot, 40, 2, 4
422, jungle, minecraft:jungle, CREATURE, minecraft:panda, 5, 2, 4
423, jungle, minecraft:jungle, CREATURE, minecraft:ocelot, 5, 2, 6
424, jungle, minecraft:jungle, AMBIENT, minecraft:bat, 10, 16, 16
425, jungle, minecraft:jungle, UNDERGROUND_WATER_CREATURE, minecraft:glow_squid, 10, 4, 6
426, jungle, minecraft:jungle, WATER_CREATURE, minecraft:dolphin, 5, 2, 4
427, jungle, minecraft:jungle, WATER_AMBIENT, minecraft:tropical_fish, 15, 6, 8
428, ocean, minecraft:lukewarm_ocean, MONSTER, minecraft:spider, 80, 8, 8
429, ocean, minecraft:lukewarm_ocean, MONSTER, minecraft:zombie, 80, 8, 8
430, ocean, minecraft:lukewarm_ocean, MONSTER, minecraft:zombie_villager, 5, 2, 2
431, ocean, minecraft:lukewarm_ocean, MONSTER, minecraft:skeleton, 80, 8, 8
432, ocean, minecraft:lukewarm_ocean, MONSTER, minecraft:creeper, 80, 8, 8
433, ocean, minecraft:lukewarm_ocean, MONSTER, minecraft:slime, 80, 8, 8
434, ocean, minecraft:lukewarm_ocean, MONSTER, minecraft:enderman, 10, 2, 8
435, ocean, minecraft:lukewarm_ocean, MONSTER, minecraft:witch, 5, 2, 2
436, ocean, minecraft:lukewarm_ocean, MONSTER, minecraft:drowned, 5, 2, 2
437, ocean, minecraft:lukewarm_ocean, AMBIENT, minecraft:bat, 10, 16, 16
438, ocean, minecraft:lukewarm_ocean, AMBIENT, darkwaters:aberration, 10, 2, 2
439, ocean, minecraft:lukewarm_ocean, AMBIENT, darkwaters:craeken, 5, 2, 2
440, ocean, minecraft:lukewarm_ocean, AMBIENT, darkwaters:miraid, 5, 2, 2
441, ocean, minecraft:lukewarm_ocean, AMBIENT, darkwaters:miraid_hallucination, 5, 2, 2
442, ocean, minecraft:lukewarm_ocean, AMBIENT, darkwaters:mohast, 10, 2, 6
443, ocean, minecraft:lukewarm_ocean, AMBIENT, darkwaters:sight_hunter, 5, 2, 2
444, ocean, minecraft:lukewarm_ocean, UNDERGROUND_WATER_CREATURE, minecraft:glow_squid, 10, 4, 6
445, ocean, minecraft:lukewarm_ocean, WATER_CREATURE, minecraft:squid, 10, 2, 4
446, ocean, minecraft:lukewarm_ocean, WATER_CREATURE, minecraft:dolphin, 5, 2, 4
447, ocean, minecraft:lukewarm_ocean, WATER_AMBIENT, minecraft:cod, 15, 3, 6
448, ocean, minecraft:lukewarm_ocean, WATER_AMBIENT, minecraft:pufferfish, 5, 2, 6
449, ocean, minecraft:lukewarm_ocean, WATER_AMBIENT, minecraft:tropical_fish, 25, 16, 16
450, private, minecraft:lush_caves, MONSTER, minecraft:spider, 20, 8, 8
451, private, minecraft:lush_caves, MONSTER, minecraft:zombie, 80, 8, 8
452, private, minecraft:lush_caves, MONSTER, minecraft:zombie_villager, 5, 2, 2
453, private, minecraft:lush_caves, MONSTER, minecraft:skeleton, 80, 8, 8
454, private, minecraft:lush_caves, MONSTER, minecraft:creeper, 80, 8, 8
455, private, minecraft:lush_caves, MONSTER, minecraft:slime, 80, 8, 8
456, private, minecraft:lush_caves, MONSTER, minecraft:enderman, 10, 2, 8
457, private, minecraft:lush_caves, MONSTER, minecraft:witch, 5, 2, 2
458, private, minecraft:lush_caves, MONSTER, minecraft:cave_spider, 80, 8, 8
459, private, minecraft:lush_caves, AMBIENT, minecraft:bat, 10, 16, 16
460, private, minecraft:lush_caves, AXOLOTLS, minecraft:axolotl, 10, 4, 6
461, private, minecraft:lush_caves, UNDERGROUND_WATER_CREATURE, minecraft:glow_squid, 10, 4, 6
462, private, minecraft:lush_caves, WATER_AMBIENT, minecraft:tropical_fish, 25, 16, 16
463, swamp, minecraft:mangrove_swamp, MONSTER, minecraft:spider, 80, 8, 8
464, swamp, minecraft:mangrove_swamp, MONSTER, minecraft:zombie, 19, 8, 8
465, swamp, minecraft:mangrove_swamp, MONSTER, minecraft:zombie_villager, 5, 2, 2
466, swamp, minecraft:mangrove_swamp, MONSTER, minecraft:skeleton, 80, 8, 8
467, swamp, minecraft:mangrove_swamp, MONSTER, minecraft:creeper, 80, 8, 8
468, swamp, minecraft:mangrove_swamp, MONSTER, minecraft:slime, 80, 8, 8
469, swamp, minecraft:mangrove_swamp, MONSTER, minecraft:enderman, 10, 2, 8
470, swamp, minecraft:mangrove_swamp, MONSTER, minecraft:witch, 10, 2, 2
471, swamp, minecraft:mangrove_swamp, MONSTER, minecraft:slime, 5, 2, 2
472, swamp, minecraft:mangrove_swamp, MONSTER, minecraft:drowned, 80, 8, 8
473, swamp, minecraft:mangrove_swamp, CREATURE, minecraft:frog, 10, 2, 5
474, swamp, minecraft:mangrove_swamp, AMBIENT, minecraft:bat, 10, 16, 16
475, swamp, minecraft:mangrove_swamp, UNDERGROUND_WATER_CREATURE, minecraft:glow_squid, 10, 4, 6
476, swamp, minecraft:mangrove_swamp, WATER_AMBIENT, minecraft:tropical_fish, 25, 16, 16
477, plains, minecraft:meadow, MONSTER, minecraft:spider, 80, 8, 8
478, plains, minecraft:meadow, MONSTER, minecraft:zombie, 80, 8, 8
479, plains, minecraft:meadow, MONSTER, minecraft:zombie_villager, 5, 2, 2
480, plains, minecraft:meadow, MONSTER, minecraft:skeleton, 80, 8, 8
481, plains, minecraft:meadow, MONSTER, minecraft:creeper, 80, 8, 8
482, plains, minecraft:meadow, MONSTER, minecraft:slime, 80, 8, 8
483, plains, minecraft:meadow, MONSTER, minecraft:enderman, 10, 2, 8
484, plains, minecraft:meadow, MONSTER, minecraft:witch, 5, 2, 2
485, plains, minecraft:meadow, CREATURE, minecraft:donkey, 5, 2, 4
486, plains, minecraft:meadow, CREATURE, minecraft:rabbit, 5, 2, 6
487, plains, minecraft:meadow, CREATURE, minecraft:sheep, 5, 2, 4
488, plains, minecraft:meadow, AMBIENT, minecraft:bat, 10, 16, 16
489, plains, minecraft:meadow, UNDERGROUND_WATER_CREATURE, minecraft:glow_squid, 10, 4, 6
490, private, apocalypse_overwrite:modern_city, MONSTER, minecraft:zombie, 80, 8, 8
491, private, apocalypse_overwrite:modern_city, MONSTER, minecraft:zombie_villager, 50, 2, 2
492, private, apocalypse_overwrite:modern_city, AMBIENT, minecraft:bat, 10, 16, 16
493, private, apocalypse_overwrite:modern_city, UNDERGROUND_WATER_CREATURE, minecraft:glow_squid, 10, 4, 6
494, private, apocalypse_overwrite:modern_country, MONSTER, minecraft:zombie, 80, 8, 8
495, private, apocalypse_overwrite:modern_country, MONSTER, minecraft:zombie_villager, 50, 2, 2
496, private, apocalypse_overwrite:modern_country, AMBIENT, minecraft:bat, 10, 16, 16
497, private, apocalypse_overwrite:modern_country, UNDERGROUND_WATER_CREATURE, minecraft:glow_squid, 10, 4, 6
498, private, apocalypse_overwrite:modern_country_desert, MONSTER, minecraft:zombie, 80, 8, 8
499, private, apocalypse_overwrite:modern_country_desert, MONSTER, minecraft:zombie_villager, 50, 2, 2
500, private, apocalypse_overwrite:modern_country_desert, CREATURE, minecraft:bat, 80, 12, 24
501, private, apocalypse_overwrite:modern_country_desert, AMBIENT, minecraft:bat, 10, 16, 16
502, private, apocalypse_overwrite:modern_country_desert, UNDERGROUND_WATER_CREATURE, minecraft:glow_squid, 10, 4, 6
503, private, apocalypse_overwrite:modern_small_town, MONSTER, minecraft:zombie, 80, 8, 8
504, private, apocalypse_overwrite:modern_small_town, MONSTER, minecraft:zombie_villager, 50, 2, 2
505, private, apocalypse_overwrite:modern_small_town, AMBIENT, minecraft:bat, 10, 16, 16
506, private, apocalypse_overwrite:modern_small_town, UNDERGROUND_WATER_CREATURE, minecraft:glow_squid, 10, 4, 6
507, private, apocalypse_overwrite:modern_small_town_desert, MONSTER, minecraft:zombie, 80, 8, 8
508, private, apocalypse_overwrite:modern_small_town_desert, MONSTER, minecraft:zombie_villager, 50, 2, 2
509, private, apocalypse_overwrite:modern_small_town_desert, AMBIENT, minecraft:bat, 10, 16, 16
510, private, apocalypse_overwrite:modern_small_town_desert, UNDERGROUND_WATER_CREATURE, minecraft:glow_squid, 10, 4, 6
511, private, minecraft:mushroom_fields, CREATURE, minecraft:mooshroom, 8, 4, 8
512, private, minecraft:mushroom_fields, AMBIENT, minecraft:bat, 10, 16, 16
513, private, minecraft:mushroom_fields, UNDERGROUND_WATER_CREATURE, minecraft:glow_squid, 10, 4, 6
514, nether, minecraft:nether_wastes, MONSTER, minecraft:ghast, 50, 8, 8
515, nether, minecraft:nether_wastes, MONSTER, minecraft:zombified_piglin, 80, 8, 8
516, nether, minecraft:nether_wastes, MONSTER, minecraft:magma_cube, 5, 8, 8
517, nether, minecraft:nether_wastes, MONSTER, minecraft:enderman, 5, 8, 8
518, nether, minecraft:nether_wastes, MONSTER, minecraft:piglin, 15, 8, 8
519, nether, minecraft:nether_wastes, MONSTER, hwg:technodemon_greater_1, 5, 2, 2
520, nether, minecraft:nether_wastes, MONSTER, hwg:technodemon_lesser_1, 5, 2, 4
521, nether, minecraft:nether_wastes, CREATURE, minecraft:strider, 60, 2, 4
522, ocean, minecraft:ocean, MONSTER, minecraft:spider, 80, 8, 8
523, ocean, minecraft:ocean, MONSTER, minecraft:zombie, 80, 8, 8
524, ocean, minecraft:ocean, MONSTER, minecraft:zombie_villager, 5, 2, 2
525, ocean, minecraft:ocean, MONSTER, minecraft:skeleton, 80, 8, 8
526, ocean, minecraft:ocean, MONSTER, minecraft:creeper, 80, 8, 8
527, ocean, minecraft:ocean, MONSTER, minecraft:slime, 80, 8, 8
528, ocean, minecraft:ocean, MONSTER, minecraft:enderman, 10, 2, 8
529, ocean, minecraft:ocean, MONSTER, minecraft:witch, 5, 2, 2
530, ocean, minecraft:ocean, MONSTER, minecraft:drowned, 5, 2, 2
531, ocean, minecraft:ocean, AMBIENT, minecraft:bat, 10, 16, 16
532, ocean, minecraft:ocean, AMBIENT, darkwaters:aberration, 10, 2, 2
533, ocean, minecraft:ocean, AMBIENT, darkwaters:craeken, 5, 2, 2
534, ocean, minecraft:ocean, AMBIENT, darkwaters:miraid, 5, 2, 2
535, ocean, minecraft:ocean, AMBIENT, darkwaters:miraid_hallucination, 5, 2, 2
536, ocean, minecraft:ocean, AMBIENT, darkwaters:mohast, 10, 2, 6
537, ocean, minecraft:ocean, AMBIENT, darkwaters:sight_hunter, 5, 2, 2
538, ocean, minecraft:ocean, UNDERGROUND_WATER_CREATURE, minecraft:glow_squid, 10, 4, 6
539, ocean, minecraft:ocean, WATER_CREATURE, minecraft:squid, 5, 2, 8
540, ocean, minecraft:ocean, WATER_CREATURE, minecraft:dolphin, 5, 2, 4
541, ocean, minecraft:ocean, WATER_AMBIENT, minecraft:cod, 10, 3, 6
542, forest, minecraft:old_growth_birch_forest, MONSTER, minecraft:spider, 80, 8, 8
543, forest, minecraft:old_growth_birch_forest, MONSTER, minecraft:zombie, 80, 8, 8
544, forest, minecraft:old_growth_birch_forest, MONSTER, minecraft:zombie_villager, 5, 2, 2
545, forest, minecraft:old_growth_birch_forest, MONSTER, minecraft:skeleton, 80, 8, 8
546, forest, minecraft:old_growth_birch_forest, MONSTER, minecraft:creeper, 80, 8, 8
547, forest, minecraft:old_growth_birch_forest, MONSTER, minecraft:slime, 80, 8, 8
548, forest, minecraft:old_growth_birch_forest, MONSTER, minecraft:enderman, 10, 2, 8
549, forest, minecraft:old_growth_birch_forest, MONSTER, minecraft:witch, 5, 2, 2
550, forest, minecraft:old_growth_birch_forest, MONSTER, hwg:merc, 5, 2, 4
551, forest, minecraft:old_growth_birch_forest, MONSTER, hwg:spy, 5, 2, 4
552, forest, minecraft:old_growth_birch_forest, CREATURE, minecraft:sheep, 12, 8, 8
553, forest, minecraft:old_growth_birch_forest, CREATURE, minecraft:pig, 10, 8, 8
554, forest, minecraft:old_growth_birch_forest, CREATURE, minecraft:chicken, 10, 8, 8
555, forest, minecraft:old_growth_birch_forest, CREATURE, minecraft:cow, 8, 8, 8
556, forest, minecraft:old_growth_birch_forest, AMBIENT, minecraft:bat, 10, 16, 16
557, forest, minecraft:old_growth_birch_forest, UNDERGROUND_WATER_CREATURE, minecraft:glow_squid, 10, 4, 6
558, taiga, minecraft:old_growth_pine_taiga, MONSTER, minecraft:spider, 80, 8, 8
559, taiga, minecraft:old_growth_pine_taiga, MONSTER, minecraft:zombie, 80, 8, 8
560, taiga, minecraft:old_growth_pine_taiga, MONSTER, minecraft:zombie_villager, 25, 2, 2
561, taiga, minecraft:old_growth_pine_taiga, MONSTER, minecraft:skeleton, 80, 8, 8
562, taiga, minecraft:old_growth_pine_taiga, MONSTER, minecraft:creeper, 80, 8, 8
563, taiga, minecraft:old_growth_pine_taiga, MONSTER, minecraft:slime, 80, 8, 8
564, taiga, minecraft:old_growth_pine_taiga, MONSTER, minecraft:enderman, 10, 2, 8
565, taiga, minecraft:old_growth_pine_taiga, MONSTER, minecraft:witch, 5, 2, 2
566, taiga, minecraft:old_growth_pine_taiga, MONSTER, hwg:merc, 5, 2, 4
567, taiga, minecraft:old_growth_pine_taiga, MONSTER, hwg:spy, 5, 2, 4
568, taiga, minecraft:old_growth_pine_taiga, CREATURE, minecraft:sheep, 12, 8, 8
569, taiga, minecraft:old_growth_pine_taiga, CREATURE, minecraft:pig, 10, 8, 8
570, taiga, minecraft:old_growth_pine_taiga, CREATURE, minecraft:chicken, 10, 8, 8
571, taiga, minecraft:old_growth_pine_taiga, CREATURE, minecraft:cow, 8, 8, 8
572, taiga, minecraft:old_growth_pine_taiga, CREATURE, minecraft:wolf, 8, 8, 8
573, taiga, minecraft:old_growth_pine_taiga, CREATURE, minecraft:rabbit, 5, 2, 3
574, taiga, minecraft:old_growth_pine_taiga, CREATURE, minecraft:fox, 8, 2, 4
575, taiga, minecraft:old_growth_pine_taiga, AMBIENT, minecraft:bat, 10, 16, 16
576, taiga, minecraft:old_growth_pine_taiga, UNDERGROUND_WATER_CREATURE, minecraft:glow_squid, 10, 4, 6
577, taiga, minecraft:old_growth_spruce_taiga, MONSTER, minecraft:spider, 80, 8, 8
578, taiga, minecraft:old_growth_spruce_taiga, MONSTER, minecraft:zombie, 80, 8, 8
579, taiga, minecraft:old_growth_spruce_taiga, MONSTER, minecraft:zombie_villager, 5, 2, 2
580, taiga, minecraft:old_growth_spruce_taiga, MONSTER, minecraft:skeleton, 80, 8, 8
581, taiga, minecraft:old_growth_spruce_taiga, MONSTER, minecraft:creeper, 80, 8, 8
582, taiga, minecraft:old_growth_spruce_taiga, MONSTER, minecraft:slime, 80, 8, 8
583, taiga, minecraft:old_growth_spruce_taiga, MONSTER, minecraft:enderman, 10, 2, 8
584, taiga, minecraft:old_growth_spruce_taiga, MONSTER, minecraft:witch, 5, 2, 2
585, taiga, minecraft:old_growth_spruce_taiga, MONSTER, hwg:merc, 5, 2, 4
586, taiga, minecraft:old_growth_spruce_taiga, MONSTER, hwg:spy, 5, 2, 4
587, taiga, minecraft:old_growth_spruce_taiga, CREATURE, minecraft:sheep, 12, 8, 8
588, taiga, minecraft:old_growth_spruce_taiga, CREATURE, minecraft:pig, 10, 8, 8
589, taiga, minecraft:old_growth_spruce_taiga, CREATURE, minecraft:chicken, 10, 8, 8
590, taiga, minecraft:old_growth_spruce_taiga, CREATURE, minecraft:cow, 8, 8, 8
591, taiga, minecraft:old_growth_spruce_taiga, CREATURE, minecraft:wolf, 8, 8, 8
592, taiga, minecraft:old_growth_spruce_taiga, CREATURE, minecraft:rabbit, 5, 2, 3
593, taiga, minecraft:old_growth_spruce_taiga, CREATURE, minecraft:fox, 8, 2, 4
594, taiga, minecraft:old_growth_spruce_taiga, AMBIENT, minecraft:bat, 10, 16, 16
595, taiga, minecraft:old_growth_spruce_taiga, UNDERGROUND_WATER_CREATURE, minecraft:glow_squid, 10, 4, 6
596, plains, minecraft:plains, MONSTER, minecraft:spider, 80, 8, 8
597, plains, minecraft:plains, MONSTER, minecraft:zombie, 80, 8, 8
598, plains, minecraft:plains, MONSTER, minecraft:zombie_villager, 5, 2, 2
599, plains, minecraft:plains, MONSTER, minecraft:skeleton, 80, 8, 8
600, plains, minecraft:plains, MONSTER, minecraft:creeper, 80, 8, 8
601, plains, minecraft:plains, MONSTER, minecraft:slime, 80, 8, 8
602, plains, minecraft:plains, MONSTER, minecraft:enderman, 10, 2, 8
603, plains, minecraft:plains, MONSTER, minecraft:witch, 5, 2, 2
604, plains, minecraft:plains, MONSTER, hwg:merc, 5, 2, 4
605, plains, minecraft:plains, MONSTER, hwg:spy, 5, 2, 4
606, plains, minecraft:plains, CREATURE, minecraft:sheep, 12, 8, 8
607, plains, minecraft:plains, CREATURE, minecraft:pig, 10, 8, 8
608, plains, minecraft:plains, CREATURE, minecraft:chicken, 10, 8, 8
609, plains, minecraft:plains, CREATURE, minecraft:cow, 8, 8, 8
610, plains, minecraft:plains, CREATURE, minecraft:horse, 5, 2, 6
611, plains, minecraft:plains, CREATURE, minecraft:donkey, 5, 2, 6
612, plains, minecraft:plains, AMBIENT, minecraft:bat, 10, 16, 16
613, plains, minecraft:plains, UNDERGROUND_WATER_CREATURE, minecraft:glow_squid, 10, 4, 6
614, nether, incendium:quartz_flats, MONSTER, minecraft:ghast, 80, 16, 16
615, nether, incendium:quartz_flats, MONSTER, minecraft:skeleton, 80, 1, 5
616, nether, incendium:quartz_flats, MONSTER, minecraft:zombified_piglin, 5, 2, 8
617, nether, incendium:quartz_flats, CREATURE, minecraft:strider, 60, 2, 4
618, river, minecraft:river, MONSTER, minecraft:spider, 80, 8, 8
619, river, minecraft:river, MONSTER, minecraft:zombie, 80, 8, 8
620, river, minecraft:river, MONSTER, minecraft:zombie_villager, 5, 2, 2
621, river, minecraft:river, MONSTER, minecraft:skeleton, 80, 8, 8
622, river, minecraft:river, MONSTER, minecraft:creeper, 80, 8, 8
623, river, minecraft:river, MONSTER, minecraft:slime, 80, 8, 8
624, river, minecraft:river, MONSTER, minecraft:enderman, 10, 2, 8
625, river, minecraft:river, MONSTER, minecraft:witch, 5, 2, 2
626, river, minecraft:river, MONSTER, minecraft:drowned, 80, 2, 2
627, river, minecraft:river, AMBIENT, minecraft:bat, 10, 16, 16
628, river, minecraft:river, UNDERGROUND_WATER_CREATURE, minecraft:glow_squid, 10, 4, 6
629, river, minecraft:river, WATER_CREATURE, minecraft:squid, 5, 2, 8
630, river, minecraft:river, WATER_AMBIENT, minecraft:salmon, 5, 1, 5
631, savanna, minecraft:savanna, MONSTER, minecraft:spider, 80, 8, 8
632, savanna, minecraft:savanna, MONSTER, minecraft:zombie, 80, 8, 8
633, savanna, minecraft:savanna, MONSTER, minecraft:zombie_villager, 5, 2, 2
634, savanna, minecraft:savanna, MONSTER, minecraft:skeleton, 80, 8, 8
635, savanna, minecraft:savanna, MONSTER, minecraft:creeper, 80, 8, 8
636, savanna, minecraft:savanna, MONSTER, minecraft:slime, 80, 8, 8
637, savanna, minecraft:savanna, MONSTER, minecraft:enderman, 10, 2, 8
638, savanna, minecraft:savanna, MONSTER, minecraft:witch, 5, 2, 2
639, savanna, minecraft:savanna, CREATURE, minecraft:sheep, 12, 8, 8
640, savanna, minecraft:savanna, CREATURE, minecraft:pig, 10, 8, 8
641, savanna, minecraft:savanna, CREATURE, minecraft:chicken, 10, 8, 8
642, savanna, minecraft:savanna, CREATURE, minecraft:cow, 8, 8, 8
643, savanna, minecraft:savanna, CREATURE, minecraft:horse, 5, 2, 6
644, savanna, minecraft:savanna, CREATURE, minecraft:donkey, 5, 2, 2
645, savanna, minecraft:savanna, AMBIENT, minecraft:bat, 10, 16, 16
646, savanna, minecraft:savanna, UNDERGROUND_WATER_CREATURE, minecraft:glow_squid, 10, 4, 6
647, savanna, minecraft:savanna_plateau, MONSTER, minecraft:spider, 80, 8, 8
648, savanna, minecraft:savanna_plateau, MONSTER, minecraft:zombie, 80, 8, 8
649, savanna, minecraft:savanna_plateau, MONSTER, minecraft:zombie_villager, 5, 2, 2
650, savanna, minecraft:savanna_plateau, MONSTER, minecraft:skeleton, 80, 8, 8
651, savanna, minecraft:savanna_plateau, MONSTER, minecraft:creeper, 80, 8, 8
652, savanna, minecraft:savanna_plateau, MONSTER, minecraft:slime, 80, 8, 8
653, savanna, minecraft:savanna_plateau, MONSTER, minecraft:enderman, 10, 2, 8
654, savanna, minecraft:savanna_plateau, MONSTER, minecraft:witch, 5, 2, 2
655, savanna, minecraft:savanna_plateau, CREATURE, minecraft:sheep, 12, 8, 8
656, savanna, minecraft:savanna_plateau, CREATURE, minecraft:pig, 10, 8, 8
657, savanna, minecraft:savanna_plateau, CREATURE, minecraft:chicken, 10, 8, 8
658, savanna, minecraft:savanna_plateau, CREATURE, minecraft:cow, 8, 8, 8
659, savanna, minecraft:savanna_plateau, CREATURE, minecraft:goat, 5, 2, 4
660, savanna, minecraft:savanna_plateau, CREATURE, minecraft:donkey, 5, 2, 2
661, savanna, minecraft:savanna_plateau, CREATURE, minecraft:llama, 8, 8, 8
662, savanna, minecraft:savanna_plateau, AMBIENT, minecraft:bat, 10, 16, 16
663, savanna, minecraft:savanna_plateau, UNDERGROUND_WATER_CREATURE, minecraft:glow_squid, 10, 4, 6
664, private, minecraft:small_end_islands, MONSTER, minecraft:enderman, 10, 8, 8
665, beach, minecraft:snowy_beach, MONSTER, minecraft:spider, 80, 8, 8
666, beach, minecraft:snowy_beach, MONSTER, minecraft:zombie, 80, 8, 8
667, beach, minecraft:snowy_beach, MONSTER, minecraft:zombie_villager, 5, 2, 2
668, beach, minecraft:snowy_beach, MONSTER, minecraft:skeleton, 20, 8, 8
669, beach, minecraft:snowy_beach, MONSTER, minecraft:creeper, 80, 8, 8
670, beach, minecraft:snowy_beach, MONSTER, minecraft:slime, 80, 8, 8
671, beach, minecraft:snowy_beach, MONSTER, minecraft:enderman, 10, 2, 8
672, beach, minecraft:snowy_beach, MONSTER, minecraft:witch, 5, 2, 2
673, beach, minecraft:snowy_beach, MONSTER, minecraft:stray, 80, 8, 8
674, beach, minecraft:snowy_beach, AMBIENT, minecraft:bat, 10, 16, 16
675, beach, minecraft:snowy_beach, UNDERGROUND_WATER_CREATURE, minecraft:glow_squid, 10, 4, 6
676, icy, minecraft:snowy_plains, MONSTER, minecraft:spider, 80, 8, 8
677, icy, minecraft:snowy_plains, MONSTER, minecraft:zombie, 80, 8, 8
678, icy, minecraft:snowy_plains, MONSTER, minecraft:zombie_villager, 5, 2, 2
679, icy, minecraft:snowy_plains, MONSTER, minecraft:skeleton, 20, 8, 8
680, icy, minecraft:snowy_plains, MONSTER, minecraft:creeper, 80, 8, 8
681, icy, minecraft:snowy_plains, MONSTER, minecraft:slime, 80, 8, 8
682, icy, minecraft:snowy_plains, MONSTER, minecraft:enderman, 10, 2, 8
683, icy, minecraft:snowy_plains, MONSTER, minecraft:witch, 5, 2, 2
684, icy, minecraft:snowy_plains, MONSTER, minecraft:stray, 80, 8, 8
685, icy, minecraft:snowy_plains, MONSTER, hwg:merc, 5, 2, 4
686, icy, minecraft:snowy_plains, MONSTER, hwg:spy, 5, 2, 4
687, icy, minecraft:snowy_plains, CREATURE, minecraft:rabbit, 10, 2, 3
688, icy, minecraft:snowy_plains, CREATURE, minecraft:polar_bear, 5, 2, 4
689, icy, minecraft:snowy_plains, AMBIENT, minecraft:bat, 10, 16, 16
690, icy, minecraft:snowy_plains, UNDERGROUND_WATER_CREATURE, minecraft:glow_squid, 10, 4, 6
691, icy, minecraft:snowy_slopes, MONSTER, minecraft:spider, 80, 8, 8
692, icy, minecraft:snowy_slopes, MONSTER, minecraft:zombie, 80, 8, 8
693, icy, minecraft:snowy_slopes, MONSTER, minecraft:zombie_villager, 5, 2, 2
694, icy, minecraft:snowy_slopes, MONSTER, minecraft:skeleton, 20, 8, 8
695, icy, minecraft:snowy_slopes, MONSTER, minecraft:creeper, 80, 8, 8
696, icy, minecraft:snowy_slopes, MONSTER, minecraft:slime, 80, 8, 8
697, icy, minecraft:snowy_slopes, MONSTER, minecraft:enderman, 10, 2, 8
698, icy, minecraft:snowy_slopes, MONSTER, minecraft:witch, 5, 2, 2
699, icy, minecraft:snowy_slopes, MONSTER, minecraft:stray, 80, 8, 8
700, icy, minecraft:snowy_slopes, CREATURE, minecraft:rabbit, 5, 2, 3
701, icy, minecraft:snowy_slopes, CREATURE, minecraft:goat, 5, 2, 6
702, icy, minecraft:snowy_slopes, AMBIENT, minecraft:bat, 10, 16, 16
703, icy, minecraft:snowy_slopes, UNDERGROUND_WATER_CREATURE, minecraft:glow_squid, 10, 4, 6
704, icy, minecraft:snowy_taiga, MONSTER, minecraft:spider, 80, 8, 8
705, icy, minecraft:snowy_taiga, MONSTER, minecraft:zombie, 80, 8, 8
706, icy, minecraft:snowy_taiga, MONSTER, minecraft:zombie_villager, 5, 2, 2
707, icy, minecraft:snowy_taiga, MONSTER, minecraft:skeleton, 20, 8, 8
708, icy, minecraft:snowy_taiga, MONSTER, minecraft:creeper, 80, 8, 8
709, icy, minecraft:snowy_taiga, MONSTER, minecraft:slime, 80, 8, 8
710, icy, minecraft:snowy_taiga, MONSTER, minecraft:enderman, 10, 2, 8
711, icy, minecraft:snowy_taiga, MONSTER, minecraft:witch, 5, 2, 2
712, icy, minecraft:snowy_taiga, MONSTER, minecraft:stray, 80, 8, 8
713, icy, minecraft:snowy_taiga, MONSTER, hwg:merc, 5, 2, 4
714, icy, minecraft:snowy_taiga, MONSTER, hwg:spy, 5, 2, 4
715, icy, minecraft:snowy_taiga, CREATURE, minecraft:sheep, 12, 8, 8
716, icy, minecraft:snowy_taiga, CREATURE, minecraft:pig, 10, 8, 8
717, icy, minecraft:snowy_taiga, CREATURE, minecraft:chicken, 10, 8, 8
718, icy, minecraft:snowy_taiga, CREATURE, minecraft:cow, 8, 8, 8
719, icy, minecraft:snowy_taiga, CREATURE, minecraft:wolf, 8, 8, 8
720, icy, minecraft:snowy_taiga, CREATURE, minecraft:rabbit, 5, 2, 3
721, icy, minecraft:snowy_taiga, CREATURE, minecraft:fox, 8, 2, 4
722, icy, minecraft:snowy_taiga, AMBIENT, minecraft:bat, 10, 16, 16
723, icy, minecraft:snowy_taiga, UNDERGROUND_WATER_CREATURE, minecraft:glow_squid, 10, 4, 6
724, nether, minecraft:soul_sand_valley, MONSTER, minecraft:skeleton, 20, 5, 5
725, nether, minecraft:soul_sand_valley, MONSTER, minecraft:ghast, 50, 8, 8
726, nether, minecraft:soul_sand_valley, MONSTER, minecraft:enderman, 5, 8, 8
727, nether, minecraft:soul_sand_valley, MONSTER, minecraft:wither_skeleton, 5, 2, 2
728, nether, minecraft:soul_sand_valley, MONSTER, hwg:technodemon_greater_1, 5, 2, 2
729, nether, minecraft:soul_sand_valley, MONSTER, hwg:technodemon_lesser_1, 5, 2, 4
730, nether, minecraft:soul_sand_valley, MONSTER, minecraft:zombified_piglin, 5, 2, 8
731, nether, minecraft:soul_sand_valley, CREATURE, minecraft:strider, 60, 2, 4
732, jungle, minecraft:sparse_jungle, MONSTER, minecraft:spider, 80, 8, 8
733, jungle, minecraft:sparse_jungle, MONSTER, minecraft:zombie, 80, 8, 8
734, jungle, minecraft:sparse_jungle, MONSTER, minecraft:zombie_villager, 5, 2, 2
735, jungle, minecraft:sparse_jungle, MONSTER, minecraft:skeleton, 80, 8, 8
736, jungle, minecraft:sparse_jungle, MONSTER, minecraft:creeper, 80, 8, 8
737, jungle, minecraft:sparse_jungle, MONSTER, minecraft:slime, 80, 8, 8
738, jungle, minecraft:sparse_jungle, MONSTER, minecraft:enderman, 10, 2, 8
739, jungle, minecraft:sparse_jungle, MONSTER, minecraft:witch, 6, 2, 2
740, jungle, minecraft:sparse_jungle, MONSTER, hwg:merc, 5, 2, 4
741, jungle, minecraft:sparse_jungle, MONSTER, hwg:spy, 5, 2, 4
742, jungle, minecraft:sparse_jungle, CREATURE, minecraft:sheep, 12, 8, 8
743, jungle, minecraft:sparse_jungle, CREATURE, minecraft:pig, 10, 8, 8
744, jungle, minecraft:sparse_jungle, CREATURE, minecraft:chicken, 10, 8, 8
745, jungle, minecraft:sparse_jungle, CREATURE, minecraft:cow, 8, 8, 8
746, jungle, minecraft:sparse_jungle, CREATURE, minecraft:frog, 20, 2, 5
747, jungle, minecraft:sparse_jungle, AMBIENT, minecraft:bat, 10, 16, 16
748, jungle, minecraft:sparse_jungle, UNDERGROUND_WATER_CREATURE, minecraft:glow_squid, 10, 4, 6
749, extreme_hills, minecraft:stony_peaks, MONSTER, minecraft:spider, 80, 8, 8
750, extreme_hills, minecraft:stony_peaks, MONSTER, minecraft:zombie, 80, 8, 8
751, extreme_hills, minecraft:stony_peaks, MONSTER, minecraft:zombie_villager, 5, 2, 2
752, extreme_hills, minecraft:stony_peaks, MONSTER, minecraft:skeleton, 80, 8, 8
753, extreme_hills, minecraft:stony_peaks, MONSTER, minecraft:creeper, 80, 8, 8
754, extreme_hills, minecraft:stony_peaks, MONSTER, minecraft:slime, 80, 8, 8
755, extreme_hills, minecraft:stony_peaks, MONSTER, minecraft:enderman, 10, 2, 8
756, extreme_hills, minecraft:stony_peaks, MONSTER, minecraft:witch, 5, 2, 2
757, extreme_hills, minecraft:stony_peaks, AMBIENT, minecraft:bat, 10, 16, 16
758, extreme_hills, minecraft:stony_peaks, UNDERGROUND_WATER_CREATURE, minecraft:glow_squid, 10, 4, 6
759, private, minecraft:stony_shore, MONSTER, minecraft:spider, 80, 8, 8
760, private, minecraft:stony_shore, MONSTER, minecraft:zombie, 80, 8, 8
761, private, minecraft:stony_shore, MONSTER, minecraft:zombie_villager, 5, 2, 2
762, private, minecraft:stony_shore, MONSTER, minecraft:skeleton, 80, 8, 8
763, private, minecraft:stony_shore, MONSTER, minecraft:creeper, 80, 8, 8
764, private, minecraft:stony_shore, MONSTER, minecraft:slime, 80, 8, 8
765, private, minecraft:stony_shore, MONSTER, minecraft:enderman, 10, 2, 8
766, private, minecraft:stony_shore, MONSTER, minecraft:witch, 5, 2, 2
767, private, minecraft:stony_shore, AMBIENT, minecraft:bat, 10, 16, 16
768, private, minecraft:stony_shore, UNDERGROUND_WATER_CREATURE, minecraft:glow_squid, 10, 4, 6
769, plains, minecraft:sunflower_plains, MONSTER, minecraft:spider, 80, 8, 8
770, plains, minecraft:sunflower_plains, MONSTER, minecraft:zombie, 80, 8, 8
771, plains, minecraft:sunflower_plains, MONSTER, minecraft:zombie_villager, 5, 2, 2
772, plains, minecraft:sunflower_plains, MONSTER, minecraft:skeleton, 80, 8, 8
773, plains, minecraft:sunflower_plains, MONSTER, minecraft:creeper, 80, 8, 8
774, plains, minecraft:sunflower_plains, MONSTER, minecraft:slime, 80, 8, 8
775, plains, minecraft:sunflower_plains, MONSTER, minecraft:enderman, 10, 2, 8
776, plains, minecraft:sunflower_plains, MONSTER, minecraft:witch, 5, 2, 2
777, plains, minecraft:sunflower_plains, CREATURE, minecraft:sheep, 12, 8, 8
778, plains, minecraft:sunflower_plains, CREATURE, minecraft:pig, 10, 8, 8
779, plains, minecraft:sunflower_plains, CREATURE, minecraft:chicken, 10, 8, 8
780, plains, minecraft:sunflower_plains, CREATURE, minecraft:cow, 8, 8, 8
781, plains, minecraft:sunflower_plains, CREATURE, minecraft:horse, 5, 2, 6
782, plains, minecraft:sunflower_plains, CREATURE, minecraft:donkey, 5, 2, 6
783, plains, minecraft:sunflower_plains, AMBIENT, minecraft:bat, 10, 16, 16
784, plains, minecraft:sunflower_plains, UNDERGROUND_WATER_CREATURE, minecraft:glow_squid, 10, 4, 6
785, swamp, minecraft:swamp, MONSTER, minecraft:spider, 80, 8, 8
786, swamp, minecraft:swamp, MONSTER, minecraft:zombie, 19, 8, 8
787, swamp, minecraft:swamp, MONSTER, minecraft:zombie_villager, 5, 2, 2
788, swamp, minecraft:swamp, MONSTER, minecraft:skeleton, 80, 8, 8
789, swamp, minecraft:swamp, MONSTER, minecraft:creeper, 80, 8, 8
790, swamp, minecraft:swamp, MONSTER, minecraft:slime, 80, 8, 8
791, swamp, minecraft:swamp, MONSTER, minecraft:enderman, 10, 2, 8
792, swamp, minecraft:swamp, MONSTER, minecraft:witch, 10, 2, 2
793, swamp, minecraft:swamp, MONSTER, minecraft:slime, 5, 2, 2
794, swamp, minecraft:swamp, MONSTER, minecraft:drowned, 80, 8, 8
795, swamp, minecraft:swamp, CREATURE, minecraft:sheep, 12, 8, 8
796, swamp, minecraft:swamp, CREATURE, minecraft:pig, 10, 8, 8
797, swamp, minecraft:swamp, CREATURE, minecraft:chicken, 10, 8, 8
798, swamp, minecraft:swamp, CREATURE, minecraft:cow, 8, 8, 8
799, swamp, minecraft:swamp, CREATURE, minecraft:frog, 10, 2, 5
800, swamp, minecraft:swamp, AMBIENT, minecraft:bat, 10, 16, 16
801, swamp, minecraft:swamp, UNDERGROUND_WATER_CREATURE, minecraft:glow_squid, 10, 4, 6
802, taiga, minecraft:taiga, MONSTER, minecraft:spider, 80, 8, 8
803, taiga, minecraft:taiga, MONSTER, minecraft:zombie, 80, 8, 8
804, taiga, minecraft:taiga, MONSTER, minecraft:zombie_villager, 5, 2, 2
805, taiga, minecraft:taiga, MONSTER, minecraft:skeleton, 80, 8, 8
806, taiga, minecraft:taiga, MONSTER, minecraft:creeper, 80, 8, 8
807, taiga, minecraft:taiga, MONSTER, minecraft:slime, 80, 8, 8
808, taiga, minecraft:taiga, MONSTER, minecraft:enderman, 10, 2, 8
809, taiga, minecraft:taiga, MONSTER, minecraft:witch, 5, 2, 2
810, taiga, minecraft:taiga, MONSTER, hwg:merc, 5, 2, 4
811, taiga, minecraft:taiga, MONSTER, hwg:spy, 5, 2, 4
812, taiga, minecraft:taiga, CREATURE, minecraft:sheep, 12, 8, 8
813, taiga, minecraft:taiga, CREATURE, minecraft:pig, 10, 8, 8
814, taiga, minecraft:taiga, CREATURE, minecraft:chicken, 10, 8, 8
815, taiga, minecraft:taiga, CREATURE, minecraft:cow, 8, 8, 8
816, taiga, minecraft:taiga, CREATURE, minecraft:wolf, 8, 8, 8
817, taiga, minecraft:taiga, CREATURE, minecraft:rabbit, 5, 2, 3
818, taiga, minecraft:taiga, CREATURE, minecraft:fox, 8, 2, 4
819, taiga, minecraft:taiga, AMBIENT, minecraft:bat, 10, 16, 16
820, taiga, minecraft:taiga, UNDERGROUND_WATER_CREATURE, minecraft:glow_squid, 10, 4, 6
821, private, minecraft:the_end, MONSTER, minecraft:enderman, 10, 8, 8
822, private, stellarity:the_hallow, MONSTER, minecraft:vex, 20, 2, 3
823, private, far_end:the_nest, MONSTER, minecraft:wither_skeleton, 67, 2, 6
824, private, far_end:the_nest, MONSTER, minecraft:skeleton, 80, 8, 8
825, private, far_end:the_nest, MONSTER, minecraft:silverfish, 40, 3, 3
826, private, minecraft:the_void, MONSTER, gigeresque:egg, 10, 2, 2
827, nether, incendium:toxic_heap, MONSTER, minecraft:phantom, 10, 2, 2
828, nether, incendium:toxic_heap, MONSTER, minecraft:magma_cube, 80, 2, 6
829, nether, incendium:toxic_heap, MONSTER, minecraft:zombified_piglin, 5, 2, 8
830, nether, incendium:toxic_heap, MONSTER, minecraft:ghast, 3, 8, 8
831, nether, incendium:toxic_heap, CREATURE, minecraft:strider, 60, 2, 4
832, private, far_end:void, MONSTER, minecraft:enderman, 10, 8, 8
833, nether, incendium:volcanic_deltas, MONSTER, minecraft:ghast, 50, 16, 16
834, nether, incendium:volcanic_deltas, MONSTER, minecraft:magma_cube, 50, 2, 3
835, nether, incendium:volcanic_deltas, MONSTER, minecraft:blaze, 20, 2, 2
836, nether, incendium:volcanic_deltas, MONSTER, minecraft:zombified_piglin, 5, 2, 8
837, nether, incendium:volcanic_deltas, CREATURE, minecraft:strider, 60, 2, 4
838, ocean, minecraft:warm_ocean, MONSTER, minecraft:drowned, 5, 2, 2
839, ocean, minecraft:warm_ocean, MONSTER, minecraft:spider, 80, 8, 8
840, ocean, minecraft:warm_ocean, MONSTER, minecraft:zombie, 80, 8, 8
841, ocean, minecraft:warm_ocean, MONSTER, minecraft:zombie_villager, 5, 2, 2
842, ocean, minecraft:warm_ocean, MONSTER, minecraft:skeleton, 80, 8, 8
843, ocean, minecraft:warm_ocean, MONSTER, minecraft:creeper, 80, 8, 8
844, ocean, minecraft:warm_ocean, MONSTER, minecraft:slime, 80, 8, 8
845, ocean, minecraft:warm_ocean, MONSTER, minecraft:enderman, 10, 2, 8
846, ocean, minecraft:warm_ocean, MONSTER, minecraft:witch, 5, 2, 2
847, ocean, minecraft:warm_ocean, AMBIENT, minecraft:bat, 10, 16, 16
848, ocean, minecraft:warm_ocean, AMBIENT, darkwaters:aberration, 10, 2, 2
849, ocean, minecraft:warm_ocean, AMBIENT, darkwaters:craeken, 5, 2, 2
850, ocean, minecraft:warm_ocean, AMBIENT, darkwaters:miraid, 5, 2, 2
851, ocean, minecraft:warm_ocean, AMBIENT, darkwaters:miraid_hallucination, 5, 2, 2
852, ocean, minecraft:warm_ocean, AMBIENT, darkwaters:mohast, 10, 2, 6
853, ocean, minecraft:warm_ocean, AMBIENT, darkwaters:sight_hunter, 5, 2, 2
854, ocean, minecraft:warm_ocean, UNDERGROUND_WATER_CREATURE, minecraft:glow_squid, 10, 4, 6
855, ocean, minecraft:warm_ocean, WATER_CREATURE, minecraft:squid, 10, 8, 8
856, ocean, minecraft:warm_ocean, WATER_CREATURE, minecraft:dolphin, 5, 2, 4
857, ocean, minecraft:warm_ocean, WATER_AMBIENT, minecraft:pufferfish, 15, 2, 6
858, ocean, minecraft:warm_ocean, WATER_AMBIENT, minecraft:tropical_fish, 25, 16, 16
859, nether, minecraft:warped_forest, MONSTER, minecraft:enderman, 5, 8, 8
860, nether, minecraft:warped_forest, MONSTER, hwg:technodemon_greater_1, 5, 2, 2
861, nether, minecraft:warped_forest, MONSTER, hwg:technodemon_lesser_1, 5, 2, 4
862, nether, minecraft:warped_forest, MONSTER, minecraft:zombified_piglin, 5, 2, 8
863, nether, minecraft:warped_forest, MONSTER, minecraft:ghast, 3, 8, 8
864, nether, minecraft:warped_forest, CREATURE, minecraft:strider, 60, 2, 4
865, private, far_end:warped_marsh, MONSTER, minecraft:zombie, 10, 2, 3
866, private, far_end:warped_marsh, WATER_AMBIENT, minecraft:tropical_fish, 25, 16, 16
867, nether, incendium:weeping_valley, MONSTER, minecraft:skeleton, 25, 5, 5
868, nether, incendium:weeping_valley, MONSTER, minecraft:ghast, 50, 8, 8
869, nether, incendium:weeping_valley, MONSTER, minecraft:enderman, 5, 8, 8
870, nether, incendium:weeping_valley, MONSTER, minecraft:magma_cube, 20, 2, 4
871, nether, incendium:weeping_valley, MONSTER, minecraft:zombified_piglin, 5, 2, 8
872, nether, incendium:weeping_valley, CREATURE, minecraft:strider, 60, 2, 4
873, swamp, minecraft:windswept_forest, MONSTER, minecraft:spider, 80, 8, 8
874, swamp, minecraft:windswept_forest, MONSTER, minecraft:zombie, 19, 8, 8
875, swamp, minecraft:windswept_forest, MONSTER, minecraft:zombie_villager, 5, 2, 2
876, swamp, minecraft:windswept_forest, MONSTER, minecraft:skeleton, 80, 8, 8
877, swamp, minecraft:windswept_forest, MONSTER, minecraft:creeper, 80, 8, 8
878, swamp, minecraft:windswept_forest, MONSTER, minecraft:slime, 80, 8, 8
879, swamp, minecraft:windswept_forest, MONSTER, minecraft:enderman, 10, 2, 8
880, swamp, minecraft:windswept_forest, MONSTER, minecraft:witch, 10, 2, 2
881, swamp, minecraft:windswept_forest, MONSTER, minecraft:slime, 5, 2, 2
882, swamp, minecraft:windswept_forest, MONSTER, minecraft:drowned, 80, 8, 8
883, swamp, minecraft:windswept_forest, CREATURE, minecraft:sheep, 8, 8, 8
884, swamp, minecraft:windswept_forest, CREATURE, minecraft:pig, 6, 8, 8
885, swamp, minecraft:windswept_forest, CREATURE, minecraft:chicken, 6, 8, 8
886, swamp, minecraft:windswept_forest, CREATURE, minecraft:cow, 5, 8, 8
887, swamp, minecraft:windswept_forest, CREATURE, minecraft:frog, 10, 2, 5
888, swamp, minecraft:windswept_forest, AMBIENT, minecraft:bat, 10, 16, 16
889, swamp, minecraft:windswept_forest, UNDERGROUND_WATER_CREATURE, minecraft:glow_squid, 10, 4, 6
890, private, minecraft:windswept_gravelly_hills, MONSTER, minecraft:spider, 80, 8, 8
891, private, minecraft:windswept_gravelly_hills, MONSTER, minecraft:zombie, 80, 8, 8
892, private, minecraft:windswept_gravelly_hills, MONSTER, minecraft:zombie_villager, 5, 2, 2
893, private, minecraft:windswept_gravelly_hills, MONSTER, minecraft:skeleton, 80, 8, 8
894, private, minecraft:windswept_gravelly_hills, MONSTER, minecraft:creeper, 80, 8, 8
895, private, minecraft:windswept_gravelly_hills, MONSTER, minecraft:slime, 80, 8, 8
896, private, minecraft:windswept_gravelly_hills, MONSTER, minecraft:enderman, 10, 2, 8
897, private, minecraft:windswept_gravelly_hills, MONSTER, minecraft:witch, 5, 2, 2
898, private, minecraft:windswept_gravelly_hills, CREATURE, minecraft:sheep, 12, 8, 8
899, private, minecraft:windswept_gravelly_hills, CREATURE, minecraft:pig, 10, 8, 8
900, private, minecraft:windswept_gravelly_hills, CREATURE, minecraft:chicken, 10, 8, 8
901, private, minecraft:windswept_gravelly_hills, CREATURE, minecraft:cow, 8, 8, 8
902, private, minecraft:windswept_gravelly_hills, CREATURE, minecraft:llama, 5, 4, 6
903, private, minecraft:windswept_gravelly_hills, AMBIENT, minecraft:bat, 10, 16, 16
904, private, minecraft:windswept_gravelly_hills, UNDERGROUND_WATER_CREATURE, minecraft:glow_squid, 10, 4, 6
905, private, minecraft:windswept_hills, MONSTER, minecraft:spider, 80, 8, 8
906, private, minecraft:windswept_hills, MONSTER, minecraft:zombie, 80, 8, 8
907, private, minecraft:windswept_hills, MONSTER, minecraft:zombie_villager, 5, 2, 2
908, private, minecraft:windswept_hills, MONSTER, minecraft:skeleton, 80, 8, 8
909, private, minecraft:windswept_hills, MONSTER, minecraft:creeper, 80, 8, 8
910, private, minecraft:windswept_hills, MONSTER, minecraft:slime, 80, 8, 8
911, private, minecraft:windswept_hills, MONSTER, minecraft:enderman, 10, 2, 8
912, private, minecraft:windswept_hills, MONSTER, minecraft:witch, 5, 2, 2
913, private, minecraft:windswept_hills, CREATURE, minecraft:sheep, 12, 8, 8
914, private, minecraft:windswept_hills, CREATURE, minecraft:pig, 10, 8, 8
915, private, minecraft:windswept_hills, CREATURE, minecraft:chicken, 10, 8, 8
916, private, minecraft:windswept_hills, CREATURE, minecraft:cow, 8, 8, 8
917, private, minecraft:windswept_hills, CREATURE, minecraft:llama, 5, 4, 6
918, private, minecraft:windswept_hills, AMBIENT, minecraft:bat, 10, 16, 16
919, private, minecraft:windswept_hills, UNDERGROUND_WATER_CREATURE, minecraft:glow_squid, 10, 4, 6
920, private, minecraft:windswept_savanna, MONSTER, minecraft:slime, 80, 8, 8
921, private, minecraft:windswept_savanna, MONSTER, minecraft:enderman, 10, 8, 8
922, private, minecraft:windswept_savanna, MONSTER, minecraft:hoglin, 5, 2, 2
923, private, minecraft:windswept_savanna, CREATURE, minecraft:strider, 60, 2, 4
924, private, minecraft:windswept_savanna, AMBIENT, minecraft:bat, 10, 16, 16
925, private, minecraft:windswept_savanna, UNDERGROUND_WATER_CREATURE, minecraft:glow_squid, 10, 4, 6
926, nether, incendium:withered_forest, MONSTER, minecraft:wither_skeleton, 50, 2, 6
927, nether, incendium:withered_forest, MONSTER, minecraft:magma_cube, 20, 2, 6
928, nether, incendium:withered_forest, MONSTER, minecraft:phantom, 6, 2, 4
929, nether, incendium:withered_forest, MONSTER, minecraft:zombified_piglin, 5, 2, 8
930, nether, incendium:withered_forest, MONSTER, minecraft:ghast, 3, 8, 8
931, badlands, minecraft:wooded_badlands, MONSTER, minecraft:spider, 80, 8, 8
932, badlands, minecraft:wooded_badlands, MONSTER, minecraft:zombie, 19, 8, 8
933, badlands, minecraft:wooded_badlands, MONSTER, minecraft:zombie_villager, 5, 2, 2
934, badlands, minecraft:wooded_badlands, MONSTER, minecraft:skeleton, 80, 8, 8
935, badlands, minecraft:wooded_badlands, MONSTER, minecraft:creeper, 80, 8, 8
936, badlands, minecraft:wooded_badlands, MONSTER, minecraft:slime, 80, 8, 8
937, badlands, minecraft:wooded_badlands, MONSTER, minecraft:enderman, 10, 2, 8
938, badlands, minecraft:wooded_badlands, MONSTER, minecraft:witch, 5, 2, 2
939, badlands, minecraft:wooded_badlands, MONSTER, minecraft:husk, 80, 8, 8
940, badlands, minecraft:wooded_badlands, MONSTER, hwg:merc, 5, 2, 4
941, badlands, minecraft:wooded_badlands, MONSTER, hwg:spy, 5, 2, 4
942, badlands, minecraft:wooded_badlands, AMBIENT, minecraft:bat, 10, 16, 16
943, badlands, minecraft:wooded_badlands, UNDERGROUND_WATER_CREATURE, minecraft:glow_squid, 10, 4, 6
